{
  "lead_hours": 11,
  "best_n_estimators": {
    "speed": 400,
    "gust": 600,
    "dir_sin": 1500,
    "dir_cos": 3000
  },
  "speed": {
    "holdout_rmse": 1.2700669187070575,
    "holdout_mae": 0.9406610356778472,
    "holdout_bias": 0.126910070773159,
    "holdout_r2": 0.885873178332722,
    "n_estimators": 400,
    "holdout_rows": 473,
    "train_rows": 5836
  },
  "gust": {
    "holdout_rmse": 2.6220212684157653,
    "holdout_mae": 1.98670833314448,
    "holdout_bias": 1.554946152493515,
    "holdout_r2": 0.7700843458916078,
    "n_estimators": 600,
    "holdout_rows": 473,
    "train_rows": 5836
  },
  "dir_sin": {
    "holdout_rmse": 0.03317551323626337,
    "holdout_mae": 0.016870657077023787,
    "holdout_bias": 0.0010596285298091021,
    "holdout_r2": 0.9980356411218296,
    "n_estimators": 1500,
    "holdout_rows": 473,
    "train_rows": 5836
  },
  "dir_cos": {
    "holdout_rmse": 0.02664408643001908,
    "holdout_mae": 0.016035786742037136,
    "holdout_bias": 0.0004109374333101439,
    "holdout_r2": 0.9970626035832305,
    "n_estimators": 3000,
    "holdout_rows": 473,
    "train_rows": 5836
  },
  "direction": {
    "angular_mae_deg": 0.963613246409636
  },
  "conformal": {
    "speed": {
      "conformal_mode": "regime",
      "q_low": 1.3520982589721682,
      "q_medium": 2.113585762023926,
      "q_high": 1.545285610198975,
      "coverage": 0.8033826638477801,
      "avg_interval_width": 2.9384741596923574,
      "calib_rows": 942
    },
    "gust": {
      "conformal_mode": "regime",
      "q_low": 2.163946083068849,
      "q_medium": 2.943104675292968,
      "q_high": 2.2895383453369136,
      "coverage": 0.6490486257928119,
      "avg_interval_width": 4.566692146801296,
      "calib_rows": 942
    }
  },
  "lead_duration_minutes": 3.7070045193036396
}